{"Offset":{"x":-0.5809469,"y":-1.44201064,"z":5.700126},"Rotation":{"x":-0.498053044,"y":0.497282773,"z":0.51030606,"w":0.494207144}}