{
    "frame_0000": {
        "xmin": 62.82809829711914,
        "ymin": 516.7351684570312,
        "xmax": 96.3119888305664,
        "ymax": 539.0891723632812,
        "confidence": 0.14145751297473907,
        "class_id": 32
    },
    "frame_0001": {
        "xmin": 62.993019104003906,
        "ymin": 516.8651733398438,
        "xmax": 96.28063201904297,
        "ymax": 538.7804565429688,
        "confidence": 0.15801161527633667,
        "class_id": 32
    },
    "frame_0002": {
        "xmin": 62.433074951171875,
        "ymin": 516.6654052734375,
        "xmax": 96.30553436279297,
        "ymax": 538.9945678710938,
        "confidence": 0.13893871009349823,
        "class_id": 32
    },
    "frame_0003": {
        "xmin": 62.10179138183594,
        "ymin": 516.095703125,
        "xmax": 96.57726287841797,
        "ymax": 539.2105712890625,
        "confidence": 0.1354799121618271,
        "class_id": 32
    },
    "frame_0004": {
        "xmin": 62.645545959472656,
        "ymin": 516.072265625,
        "xmax": 95.90496063232422,
        "ymax": 539.0678100585938,
        "confidence": 0.145490363240242,
        "class_id": 32
    },
    "frame_0005": {
        "xmin": 62.33219528198242,
        "ymin": 515.9990234375,
        "xmax": 96.05216217041016,
        "ymax": 539.169189453125,
        "confidence": 0.1419694870710373,
        "class_id": 32
    },
    "frame_0006": {
        "xmin": 61.79228210449219,
        "ymin": 515.764892578125,
        "xmax": 96.16534423828125,
        "ymax": 539.3418579101562,
        "confidence": 0.13136504590511322,
        "class_id": 32
    },
    "frame_0007": {
        "xmin": 838.4356079101562,
        "ymin": 394.6951904296875,
        "xmax": 853.6685180664062,
        "ymax": 409.81768798828125,
        "confidence": 0.20632240176200867,
        "class_id": 32
    },
    "frame_0008": {
        "xmin": 823.1920776367188,
        "ymin": 406.88983154296875,
        "xmax": 836.8762817382812,
        "ymax": 425.8138732910156,
        "confidence": 0.349109411239624,
        "class_id": 32
    },
    "frame_0009": {
        "xmin": 61.43196487426758,
        "ymin": 515.4972534179688,
        "xmax": 96.8193130493164,
        "ymax": 539.1385498046875,
        "confidence": 0.13964898884296417,
        "class_id": 32
    },
    "frame_0010": {
        "xmin": 60.84424591064453,
        "ymin": 515.5875244140625,
        "xmax": 97.13063049316406,
        "ymax": 539.0083618164062,
        "confidence": 0.14009720087051392,
        "class_id": 32
    },
    "frame_0011": {
        "xmin": 61.04283142089844,
        "ymin": 516.1433715820312,
        "xmax": 96.9430923461914,
        "ymax": 538.7464599609375,
        "confidence": 0.16279453039169312,
        "class_id": 32
    },
    "frame_0012": {
        "xmin": 60.93704605102539,
        "ymin": 516.362060546875,
        "xmax": 97.22014617919922,
        "ymax": 538.71484375,
        "confidence": 0.1625751107931137,
        "class_id": 32
    },
    "frame_0013": {
        "xmin": 60.6183967590332,
        "ymin": 517.0006713867188,
        "xmax": 97.76203155517578,
        "ymax": 538.7850952148438,
        "confidence": 0.13344542682170868,
        "class_id": 32
    },
    "frame_0014": {
        "xmin": 61.82993698120117,
        "ymin": 517.2976684570312,
        "xmax": 97.68230438232422,
        "ymax": 538.4539184570312,
        "confidence": 0.1222807839512825,
        "class_id": 32
    },
    "frame_0015": {
        "xmin": 62.298179626464844,
        "ymin": 517.0023193359375,
        "xmax": 97.1396484375,
        "ymax": 538.3455200195312,
        "confidence": 0.1153736338019371,
        "class_id": 32
    },
    "frame_0016": {
        "xmin": 827.7426147460938,
        "ymin": 482.8117980957031,
        "xmax": 845.365234375,
        "ymax": 501.576904296875,
        "confidence": 0.1619618535041809,
        "class_id": 32
    },
    "frame_0017": {
        "xmin": 62.88079833984375,
        "ymin": 515.8308715820312,
        "xmax": 95.16034698486328,
        "ymax": 537.4837646484375,
        "confidence": 0.13225071132183075,
        "class_id": 32
    },
    "frame_0018": {
        "xmin": 838.4586181640625,
        "ymin": 482.92364501953125,
        "xmax": 852.4004516601562,
        "ymax": 500.06597900390625,
        "confidence": 0.14755937457084656,
        "class_id": 32
    },
    "frame_0019": {
        "xmin": 841.8431396484375,
        "ymin": 489.3182678222656,
        "xmax": 855.4766235351562,
        "ymax": 504.45550537109375,
        "confidence": 0.3397124409675598,
        "class_id": 32
    },
    "frame_0020": {
        "xmin": 843.032958984375,
        "ymin": 500.92523193359375,
        "xmax": 857.9379272460938,
        "ymax": 514.6159057617188,
        "confidence": 0.6369224786758423,
        "class_id": 32
    },
    "frame_0021": {
        "xmin": 839.0230102539062,
        "ymin": 500.996337890625,
        "xmax": 857.01806640625,
        "ymax": 520.3112182617188,
        "confidence": 0.6012102365493774,
        "class_id": 32
    },
    "frame_0022": {
        "xmin": 833.3525390625,
        "ymin": 505.5296630859375,
        "xmax": 851.035400390625,
        "ymax": 524.0806884765625,
        "confidence": 0.5348843932151794,
        "class_id": 32
    },
    "frame_0023": {
        "xmin": 830.6204833984375,
        "ymin": 515.47509765625,
        "xmax": 847.4266357421875,
        "ymax": 529.7186889648438,
        "confidence": 0.5839366912841797,
        "class_id": 32
    },
    "frame_0024": {
        "xmin": 827.39306640625,
        "ymin": 519.044677734375,
        "xmax": 844.3261108398438,
        "ymax": 537.6669311523438,
        "confidence": 0.45693182945251465,
        "class_id": 32
    },
    "frame_0025": {
        "xmin": 821.4779663085938,
        "ymin": 524.1880493164062,
        "xmax": 840.8997802734375,
        "ymax": 542.2003784179688,
        "confidence": 0.6352550983428955,
        "class_id": 32
    },
    "frame_0026": {
        "xmin": 818.3411865234375,
        "ymin": 529.4503784179688,
        "xmax": 836.0099487304688,
        "ymax": 545.399658203125,
        "confidence": 0.3774164319038391,
        "class_id": 32
    },
    "frame_0027": {
        "xmin": 809.109619140625,
        "ymin": 533.9992065429688,
        "xmax": 833.4620971679688,
        "ymax": 553.9110107421875,
        "confidence": 0.3146108090877533,
        "class_id": 32
    },
    "frame_0028": {
        "xmin": 65.54535675048828,
        "ymin": 513.00537109375,
        "xmax": 95.52320098876953,
        "ymax": 537.2074584960938,
        "confidence": 0.11056654155254364,
        "class_id": 32
    },
    "frame_0029": {
        "xmin": 64.97976684570312,
        "ymin": 513.4371948242188,
        "xmax": 95.90050506591797,
        "ymax": 537.53515625,
        "confidence": 0.10353966057300568,
        "class_id": 32
    },
    "frame_0030": {
        "xmin": 848.4093017578125,
        "ymin": 533.6309814453125,
        "xmax": 872.3809204101562,
        "ymax": 557.8379516601562,
        "confidence": 0.19151008129119873,
        "class_id": 32
    },
    "frame_0031": {
        "xmin": 862.2718505859375,
        "ymin": 533.5729370117188,
        "xmax": 885.7373657226562,
        "ymax": 554.5350341796875,
        "confidence": 0.35417434573173523,
        "class_id": 32
    },
    "frame_0032": {
        "xmin": 64.3058853149414,
        "ymin": 513.8449096679688,
        "xmax": 94.0849380493164,
        "ymax": 537.685791015625,
        "confidence": 0.10301285237073898,
        "class_id": 32
    },
    "frame_0033": {
        "xmin": 63.67924118041992,
        "ymin": 514.286865234375,
        "xmax": 93.64183807373047,
        "ymax": 537.8241577148438,
        "confidence": 0.11142674088478088,
        "class_id": 32
    },
    "frame_0034": {
        "xmin": 904.3487548828125,
        "ymin": 530.5921020507812,
        "xmax": 927.8098754882812,